latin = {
	color = hsv { 0 0.91 0.55 }
	
	levy_template = levy_italic
	
	primary = archers
	second = heavy_infantry
	flank = light_cavalry

	primary_navy = tetrere
	secondary_navy = hexere
	flank_navy = liburnian
	
	use_latin_name_rules = yes
	
	male_names = {
		Appius Agrippa Aulus Caelus Decimus Decius Drusus Faustus Gaius Gnaeus Lucius Mamercus Manius Marcus Mettius Opiter 
		Publius Postumus Proculus Quintus Secundus Septimus Servius Sextus Spurius Tertius Titus Tiberius Volero Volumnius Octavius
		Statius Tullus Volesus Vopiscus Caeso Paullus Hostus Numerius Sertor Potitus Vibius Cossus Arruns Camillus
	}
	female_names = {
		none
	}
	family = {
		Aburius.Aburia.Aburii.Aburian
		Accius.Accia.Accii.Accian
		Acilius.Acilia.Acilii.Acilian
		Acutius.Acutia.Acutii.Acutian
		Aebutius.Aebutia.Aebutii.Aebutian
		Aelius.Aelia.Aelii.Aelian
		Aemilius.Aemilia.Aemilii.Aemilian
		Alienus.Aliena.Alienii.Alien
		Anicius.Anicia.Anicii.Anician
		Annius.Annia.Anni.Annian
		Antius.Antia.Antii.Antian
		Antistius.Antistia.Antistii.Antistian
		Antonius.Antonia.Antonii.Antonian
		Appuleius.Appuleia.Appuleii.Appuleian
		Apronius.Apronia.Apronii.Apronian
		Aquillius.Aquillia.Aquillii.Aquillian
		Atilius.Atilia.Atilii.Atilian
		Atius.Atia.Atii.Atian
		Aufidius.Aufidia.Aufidii.Aufidian
		Aulius.Aulia.Aulii.Aulian
		Blossius.Blossia.Blossii.Blossian
		Aurelius.Aurelia.Aurelii.Aurelian
		Caecinus.Caecina.Caecinii.Caecinian
		Caecilius.Caecilia.Caecilii.Caecilian
		Calavius.Calavia.Calavii.Calavian
		Calpurnius.Calpurnia.Calpurnii.Calpurnian
		Cantius.Cantia.Cantii.Cantian
		Carvilius.Carvilia.Carvilii.Carvilian
		Cassius.Cassia.Cassii.Cassian
		Catius.Catia.Catii.Catian
		Centenius.Centenia.Centenii.Centenian
		Cilnius.Cilnia.Cilnii.Cilnian
		Cispius.Cispia.Cispii.Cispian
		Claudius.Claudia.Claudii.Claudian
		Cloelius.Cloelia.Cloelii.Cloelian
		Cominius.Cominia.Cominii.Cominian
		Cornelius.Cornelia.Cornelii.Cornelian
		Coruncanius.Coruncania.Coruncanii.Coruncanian
		Curiatius.Curiatia.Curiatii.Curiatian
		Curtius.Curtia.Curtii.Curtian
		Curius.Curia.Curii.Curian
		Decius.Decia.Decii.Decian
		Domitius.Domitia.Domitii.Domitian
		Fabius.Fabia.Fabii.Fabian
		Fabricius.Fabricia.Fabricii.Fabrician
		Flavius.Flavia.Flavii.Flavian
		Foslius.Foslia.Foslii.Foslian
		Fulcinius.Fulcinia.Fulcinii.Fulcinian
		Fulvius.Fulvia.Fulvii.Fulvian
		Furius.Furia.Furii.Furian
		Funius.Furnia.Furnii.Furnian
		Gabinius.Gabinia.Gabinii.Gabinian
		Galerius.Galeria.Galerii.Galerian
		Gracchus.Gracchia.Gracchi.Gracchian
		Geganius.Gegania.Geganii.Geganian
		Gellius.Gellia.Gellii.Gellian
		Herminius.Herminia.Herminii.Herminian
		Horatius.Horatia.Horatii.Horatian
		Hortensius.Hortensia.Hortensii.Hortensian
		Hostilius.Hostilia.Hostilii.Hostilian
		Julius.Julia.Julii.Julian
		Junius.Junia.Junii.Junian
		Juventius.Juventia.Juventii.Juventan
		Laetorius.Laetoria.Laetorii.Laetorian
		Lartius.Lartia.Lartii.Lartian
		Licinius.Licinia.Licinii.Licinian
		Livius.Livia.Livii.Livian
		Lucius.Lucia.Lucii.Lucian
		Lucretius.Lucretia.Lucretii.Lucretian
		Maelius.Maelia.Maelii.Maelian
		Maenius.Maenia.Maenii.Maenian
		Mamilius.Mamilia.Mamilii.Mamilian
		Manlius.Manlia.Manlii.Manlian
		Marcius.Marcia.Marcii.Marcian
		Marius.Maria.Marii.Marian
		Memmius.Memmia.Memmii.Memmian
		Messius.Messia.Messii.Messian
		Metilius.Metilia.Metilii.Metillian
		Minucius.Minucia.Minucii.Minucian
		Mummius.Mummia.Mummii.Mummian
		Nigidius.Nigidia.Nigidii.Nigidian
		Ninnius.Ninnia.Ninnii.Ninnian
		Nonius.Nonia.Nonii.Nonian
		Numicius.Numicia.Numicii.Numician
		Numisius.Numisia.Numisii.Numisian
		Octavius.Octavia.Octavii.Octavian
		Ofilius.Ofilia.Ofilii.Ofilian
		Ogulnius.Ogulnia.Ogulnii.Ogulnian
		Opimius.Opimia.Opimii.Opimian
		Oppius.Oppia.Oppii.Oppian
		Octacilius.Octacilia.Octacilii.Octacilian
		Ovidius.Ovidia.Ovidii.Ovidian
		Papirius.Papiria.Papirii.Papirian
		Pinarius.Pinaria.Pinarii.Pinarian
		Plautius.Plautia.Plautii.Plautian
		Plinius.Plinia.Plinii.Plinian
		Postumius.Postumia.Postumii.Postumian
		Pompilius.Pompilia.Pompilii.Pompillian
		Pompeius.Pompeia.Pompeii.Pompeian
		Pomponius.Pomponia.Pomponii.Pomponian
		Popillius.Popillia.Popillii.Popillian
		Porcius.Porcia.Porcii.Porcian
		Postumius.Postumia.Postumii.Postumian
		Publilius.Publilia.Publilii.Publilian
		Pupius.Pupia.Pupii.Pupian
		Quintilius.Quintilia.Quintilii.Quintilian
		Quinctius.Quinctia.Quinctii.Quinctian
		Rabirius.Rabiria.Rabirii.Rabirian
		Resius.Resia.Resii.Resian
		Romilius.Romilia.Romilii.Romillian
		Salonius.Salonia.Salonii.Salonian
		Salvius.Salvia.Salvii.Salvian
		Scribonius.Scribonia.Scribonii.Scribonian
		Sempronius.Sempronia.Sempronii.Sempronian
		Sergius.Sergia.Sergii.Sergian
		Sertorius.Sertoria.Sertorii.Sertorian
		Servilius.Servilia.Servilii.Servilian
		Sestius.Sestia.Sestii.Sestian
		Sextius.Sextia.Sextii.Sextian
		Sextilius.Sextilia.Sextilii.Sextilian
		Sicinius.Sicinia.Sicinii.Sicinian
		Silius.Silia.Silii.Silian
		Sulpicius.Sulpicia.Sulpicii.Sulpician
		Titius.Titia.Titii.Titian
		Tremulus.Tremulia.Tremulii.Tremulan
		Tullius.Tullia.Tullii.Tullian
		Ulpius.Ulpia.Ulpii.Ulpian
		Valerius.Valeria.Valerii.Valerian
		Verginius.Verginia.Verginii.Verginian
		Veturius.Veturia.Veturii.Veturian
		Vesuvius.Vesuvia.Vesuvii.Vesuvian
		Villius.Villia.Villii.Villian
		Viridius.Viridia.Viridii.Viridian
		Volumnius.Volumnia.Volumnii.Volumnian
	}
	nickname = {
		NICKNAME_ALBINUS
		NICKNAME_ALBUS
		NICKNAME_AGRICOLA
		NICKNAME_AGRIPPA
		NICKNAME_ARATUS
		NICKNAME_ASINA
		NICKNAME_AUSPEX
		NICKNAME_BALBUS
		NICKNAME_BARBATUS
		NICKNAME_BIBULUS
		NICKNAME_BRUTUS
		NICKNAME_BUBO
		NICKNAME_BUTEO
		NICKNAME_CAESAR
		NICKNAME_CALVUS
		NICKNAME_CALVINUS
		NICKNAME_CATO
		NICKNAME_CATULUS
		NICKNAME_CETHEGUS
		NICKNAME_CICERO
		NICKNAME_CINNA
		NICKNAME_COTTA
		NICKNAME_CRISPIAN
		NICKNAME_CURIO
		NICKNAME_DAMA
		NICKNAME_DAMASUS
		NICKNAME_DENTATUS
		NICKNAME_DIVES
		NICKNAME_DOLABELLA
		NICKNAME_DONATUS
		NICKNAME_DRACO
		NICKNAME_EMERITUS
		NICKNAME_EUGENIUS
		NICKNAME_EUPHEMIUS
		NICKNAME_FALCO
		NICKNAME_FALX
		NICKNAME_FELIX
		NICKNAME_FIMBRIA
		NICKNAME_FLACCUS
		NICKNAME_FLORUS
		NICKNAME_FRONTO
		NICKNAME_GALA
		NICKNAME_GALERUS
		NICKNAME_GEMELLUS
		NICKNAME_GORGONIUS
		NICKNAME_GRACCHUS
		NICKNAME_GRACILIS
		NICKNAME_HABITUS
		NICKNAME_HERMA
		NICKNAME_HILARIUS
		NICKNAME_HORATIUS
		NICKNAME_IGNATIUS
		NICKNAME_IUBA
		NICKNAME_LABEO
		NICKNAME_LAENAS
		NICKNAME_LEPIDUS
		NICKNAME_LEPTIS
		NICKNAME_LENTULUS
		NICKNAME_LIBO
		NICKNAME_LONGINUS
		NICKNAME_LONGUS
		NICKNAME_LUCAN
		NICKNAME_LUCULLUS
		NICKNAME_LUPIUS
		NICKNAME_MACRO
		NICKNAME_MARTIALIS
		NICKNAME_MARULLUS
		NICKNAME_MAXIMUS
		NICKNAME_MEMMIUS
		NICKNAME_MERCATOR
		NICKNAME_MESSALLA
		NICKNAME_MONTANUS
		NICKNAME_MURENA
		NICKNAME_MUS
		NICKNAME_NASICA
		NICKNAME_OCEANUS
		NICKNAME_OCTAVIANUS
		NICKNAME_OPIS
		NICKNAME_OPTATUS
		NICKNAME_OTHO
		NICKNAME_PAENULA
		NICKNAME_PANTERA
		NICKNAME_PAVO
		NICKNAME_PEREGRINUS
		NICKNAME_PERTINAX
		NICKNAME_PETRONAX
		NICKNAME_PICTOR
		NICKNAME_PILATUS
		NICKNAME_POLUS
		NICKNAME_PRISCA
		NICKNAME_PRIMUS
		NICKNAME_PROCYON
		NICKNAME_PULCHER
		NICKNAME_QUARTO
		NICKNAME_QUIRICUS
		NICKNAME_REGILLUS
		NICKNAME_REMUS
		NICKNAME_ROMANUS
		NICKNAME_ROMULUS
		NICKNAME_RUFUS
		NICKNAME_RUSO
		NICKNAME_SABINUS
		NICKNAME_SALINATOR
		NICKNAME_SCAEVOLA
		NICKNAME_SCIPIO
		NICKNAME_SCROFA
		NICKNAME_SENECA
		NICKNAME_SENNA
		NICKNAME_SEVERUS
		NICKNAME_SOREX
		NICKNAME_STATIUS
		NICKNAME_STRABO
		NICKNAME_SUPER
		NICKNAME_SUPERBUS
		NICKNAME_TACITUS
		NICKNAME_TERTULUS
		NICKNAME_TREBONIUS
		NICKNAME_TIBULLUS
		NICKNAME_TULLIUS
		NICKNAME_URSINUS
		NICKNAME_URSUS
		NICKNAME_VALENS
		NICKNAME_VARRO
		NICKNAME_VARUS
		NICKNAME_VERGILIUS
		NICKNAME_VIATOR
		NICKNAME_VICTOR
		NICKNAME_VINDEX
		NICKNAME_VIRILIS
		NICKNAME_VITALIS
		NICKNAME_VITUS
		NICKNAME_ZENO
		NICKNAME_ZOILUS
		NICKNAME_ZOSIMUS
	}

	female_order = {
		Prima Secunda Tertia Quarta Quinta Septa Septima Octava Nona Decima Undecima Duodecima
	}

	culture = {
		roman = { levy_template = levy_roman }
		venetic = {}
		ligurian = {}
		etruscan = {
			levy_template = levy_etruscan
			male_names = {
				Amtnie Amuni Anche Anthai Aninas Arunth Araz Arzni Arnth Autu Aule Cei Ceile Ceisi
				Cire Cnaive Clate Cruthni Cuinte Cursni Fapi Felce Felsnas Fulu Hapre Hirumina Husi
				Carcuna Carthasie Ceisie Cavie Larce Laris Larth Larthuza Laucie Lauche Lethei
				Licine Lucer Mamurce Marce Murila Numna Pesna Petru Plikasnas Plute Presnte
				Pumpu Puplie Cupe Ranazu Rasce Ruvfe Ruifre Sanchuna Scarpe Sethre Spitus Spurie Squrie
				Tarchi Teitur Thefri Thucer Ticusna Tite Tlesna Tursikina Tusnute Uchsie Uchulni Usele
				Vel Velchaie Velthur Venel Vetus Vipie
			}
			female_names = {
				Anina Aprthni Apunei Arunthia Arzna Arntha Ati Aula Ceia Culni Cursi Cusua Fasthi
				Hasthi Hercnei Kanuta Larthi Lethi Luci Matun Metli Numni Pulia Racu Ramtha Ranthu
				Ravnthu Satlnei Sela Semni Sethri Squria Squlina Tanchuil Tarcha Teituri Thanchvil
				Thana Thefrina Thestia Thuceru Ticusnei Titi Veli Velchina Venela Vesi Vipi
			}
			family = {
				Uclina.Uclinei.Uclinii.Ucli
				Acnatru.Acnatrui.Acnatrui.Acnatr
				Acriena.Acrienei.Acriena.Acrinian
				Acvilnas.Acvilnei.Acvilnas.Acvilnian
				Afunas.Afunei.Afunas.Afunian
				Aisina.Aisinei.Aisina.Aisinian
				Alethnas.Alethnei.Alethnas.Alethnasian
				Alfi.Alfi.Alfi.Alfian
				Alfni.Alfni.Alfni.Alfnian
				Alsinas.Alsinei.Alsinas.Alsinasian
				Alvethna.Alvethnei.Alvethna.Alvethnian
				Amuni.Amuni.Amuni.Amunian
				Anani.Aninei.Anani.Ananian
				Aneithur.Aneithuri.Aneithur.Aneithurian
				Anes.Anis.Anes.Anesian
				Aninas.Aninei.Aninas.Aninasian
				Anthiaia.Anthiaei.Anthiaia.Anthiaian
				Apatru.Apatrui.Apatru.Apatrian
				Apianas.Apianei.Apianas.Apianian
				Apries.Apria.Apries.Apriesian
				Aprthnas.Aprthnei.Aprthnas.Aprthnasian
				Apunas.Apunei.Apunas.Apunian
				Apvcuia.Apvcuia.Apvcuia.Apvcuian
				Araziia.Arazei.Araziia.Arazian
				Arnthna.Arnthi.Arnthna.Arnthnian
				Aremsnas.Aremsnei.Aremsnas.Aremsnasian
				Arnies.Arnia.Arnies.Arniesian
				Arthunas.Arth.Arthunas.Arthunian
				Arunzina.Arunzinei.Arunzina.Arunzian
				Arznas.Arznei.Arznas.Arnznasian
				Ateina.Ateinei.Ateina.Ateinian
				Atelinas.Atelinei.Atelinas.Atelinian
				Aties.Atia.Aties.Atian
				Atnas.Atnei.Atnas.Atnasian
				Ufle.Ufli.Ufle.Uflian
				Aucana.Aucanei.Aucana.Aucanian
				Auclina.Auclinei.Auclina.Auclinian
				Aves.Avenei.Aves.Avesian
				Aznie.Aznia.Aznie.Aznesian
				Cafates.Cafati.Cafates.Cafatian
				Cahate.Cahati.Cahate.Cahatian
				Ceie.Ceinei.Ceie.Ceian
				Cale.Cali.Cale.Calian
				Caliathe.Calitahi.Caliathe.Caliathian
				Calisna.Calisnei.Calisna.Calisnan
				Camitlnas.Camitlnei.Camitlnas.Camitlan
				Camnas.Camnai.Camnas.Camnasian
				Campanes.Campanis.Campanes.Campanian
				Canatnes.Canatnei.Canatnes.Canatnian
				Carpnate.Carpnati.Carpnate.Carpnatian
				Carsu.Carsui.Carsu.Carsunian
				Catne.Catni.Catne.Catnian
				Cazi.Cazi.Cazi.Cazian
				Ceisinies.Ceisinia.Ceisinies.Ceisinian
				Celatina.Celatinei.Celatina.Celatinian
				Cheiras.Cheirei.Cheiras.Cheirian
				Churcles.Churcles.Churcles.Churclian
				Churinas.Churinei.Churinas.Churinian
				Cicunias.Cicuniei.Cicunias.Cicunian
				Cilnii.Cilnei.Cilnii.Cilnian
				Cisvite.Cisviti.Cisvite.Cisvitian
				Clute.Clutei.Clute.Clutian
				Clavtiethur.Clavtiethuri.Clavtiethur.Clavtiethurian
				Clevsinas.Clevsinei.Clevsinas.Clevsinian
				Cneuna.Cneunei.Cneuna.Cneunian
				Cravzathura.Cravzathurei.Cravzathura.Cravzathurian
				Creicese.Creicesa.Creicese.Creicesian
				Crepus.Crepui.Crepus.Crepian
				Cuclni.Cuclni.Cuclni.Cuclinian
				Cucrinathur.Cucrinathuri.Cucrinathur.Cucrinathurian
				Curunas.Curunei.Curunas.Curunian
				Cusinas.Cusinei.Cusinas.Cusinian
				Cusuthur.Cusuthuri.Cusuthur.Cusuthurian
				Cvinte.Cvinti.Cvinte.Cvintian
				Cuthnas.Cuthnei.Cuthnas.Cuthnian
				Cutu.Cutu.Cutu.Cute
				Ecnate.Ecnati.Ecnate.Ecnatian
				Einana.Einanei.Einana.Einanian
				Eucle.Eucli.Eucle.Euclian
				Ezpus.Ezpui.Ezpus.Ezpusian
				Fapi.Fapi.Fapi.Fapian
				Felces.Felcis.Felces.Felcian
				Felsnas.Felsnei.Felsnas.Felsnasian
				Felsni.Felsni.Felsni.Felsnian
				Felusce.Felusci.Felusce.Feluscian
				Fisis.Fisis.Fisis.Fisisian
				Fulni.Fulni.Fulni.Fulnian
				Fulu.Fului.Fulu.Fulian
				Fulvena.Fulvenas.Fulvena.Fulvenian
				Hanu.Hanunia.Hanu.Hanian
				Hapisna.Hapisnei.Hapisna.Hapisnian
				Hapre.Hapri.Hapre.Haprian
				Hepni.Hepni.Hepni.Hepnian
				Havrnas.Havrnei.Havrnas.Havrinian
				Hele.Heli.Hele.Helian
				Hercnas.Hercnei.Hercnas.Hercnasian
				Herma.Hermei.Herma.Hermian
				Hermenas.Hermenei.Hermenas.Hermenian
				Hirsuneie.Hirsuneia.Hirsuneie.Hirsnusian
				Hulchnie.Hulchnia.Hulchnie.Hulchnian
				Hupni.Hupni.Hupni.Hupnid
				Ceicna.Ceicnei.Ceicna.Ceicnian
				Cansinei.Cansineie.Cansinei.Cansinian
				Culeniie.Culeniia.Culeniie.Culenian
				Curtinas.Curtinei.Curtinas.Curtinian
				Lapicane.Lapicani.Lapicane.Lapicanian
				Larani.Larani.Larani.Laranian
				Larecena.Larecenei.Larecena.Larecinian
				Larna.Larnei.Larna.Larnian
				Lucina.Lucinei.Lucina.Lucinian
				Larecena.Larecenei.Larecena.Larecinian
				Lartle.Lartli.Lartle.Lartlian
				Latherna.Lathernei.Latherna.Lathernian
				Latni.Latni.Latni.Latnian
				Leinies.Leinia.Leinies.Leinisian
				Lethe.Lethi.Lethe.Lethian
				Luisna.Luisnei.Luisna.Luisnian
				Macre.Macri.Macre.Macrian
				Malamena.Malamenas.Malamena.Malamenian
				Marcna.Marcnei.Marcna.Marcnid
				Marcnithur.Marcnithuri.Marcnithur.Marcnithurian
				Matulna.Matulnei.Matulna.Matulnid
				Mutunas.Matunei.Mutunas.Mutunid
				Meclas.Meclei.Meclas.Meclid
				Mefanates.Mefanatis.Mefanates.Mefanatian
				Melacina.Melacinei.Melacina.Malacinian
				Meluta.Melutei.Meluta.Melutid
				Metle.Metli.Metle.Metlid
				Minie.Minia.Minie.Minian
				Murias.Murei.Murias.Murian
				Murinas.Murinei.Murinas.Murinid
				Nerinei.Nerineie.Nerinei.Nereinian
				Ninie.Ninia.Ninie.Ninian
				Nuiclnas.Nuiclnei.Nuiclnas.Nuiclian
				Numclanie.Numclania.Numclanie.Numclanid
				Numnas.Numnei.Numnas.Numnid
				Nuni.Nuni.Nuni.Nunian
				Nufre.Nufri.Nufre.Nufrian
				Pachie.Pachia.Pachie.Pachid
				Peithunas.Peithunei.Peithunas.Peithunid
				Palazus.Palazui.Palazus.Palazusian
				Paprsina.Paprsinei.Paprsina.Paprsinid
				Papathnas.Papathnei.Papathnas.Papathnid
				Papni.Papni.Papni.Papnid
				Parmne.Parmni.Parmne.Paramnian
				Partunus.Partunui.Partunus.Partunid
				Paziathe.Paziathi.Paziathe.Paziathid
				Percumsna.Percumsnei.Percumsna.Percumid
				Petrnii.Petrnei.Petrnii.Petrnid
				Phersnalas.Phersnalei.Phersnalas.Phersnalid
				Phursethna.Phursethnei.Phursethna.Phursethid
				Pinies.Pinia.Pinies.Pinian
				Pithe.Pithi.Pithe.Pithid
				Platia.Platiei.Platia.Platian
				Plute.Pluti.Plute.Plutian
				Plecus.Plecui.Plecus.Plecid
				Plinia.Pliniei.Plinia.Plinian
				Prastna.Prastnei.Prastna.Prastnid
				Precuthur.Precuthuri.Precuthur.Precuthurian
				Presnte.Presnti.Presnte.Presntid
				Puince.Puinci.Puince.Puincian
				Pulenas.Pulenei.Pulenas.Pulenian
				Pumpli.Pumpli.Pumpli.Pumplid
				Pumpna.Pumpnei.Pumpna.Pumpnid
				Pumpus.Pumpui.Pumpus.Pumpid
				Pupena.Pupena.Pupena.Pupenian
				Puplina.Puplinei.Puplina.Puplinian
				Purni.Purni.Purni.Purnid
				Purzena.Purzenei.Purzena.Purzenian
				Puslina.Puslinei.Puslina.Puslenian
				Pustmina.Pustminei.Pustmina.Pustminian
				Rufi.Rufi.Rufi.Rufid
				Ramnuna.Ramnunei.Ramnuna.Ramnunian
				Ranazu.Ranazuia.Ranazu.Ranazunian
				Rasunies.Rasunia.Rasunies.Rasunian
				Remzna.Remznei.Remzna.Remznid
				Riertu.Riertui.Riertu.Riertunian
				Rufres.Rufris.Rufres.Rufrid
				Rusci.Rusci.Rusci.Ruscid
				Santu.Santui.Santu.Santid
				Safice.Safici.Safice.Saficinian
				Salini.Salini.Salini.Salinian
				Saties.Satia.Saties.Satinian
				Satlna.Satlnei.Satlna.Satlnid
				Savpunias.Savpuniei.Savpunias.Savpunid
				Scevas.Scevei.Scevas.Scevid
				Scurfiu.Scurfiui.Scurfiu.Scurfid
				Sefre.Sefri.Sefre.Sefrid
				Seiante.Seianti.Seiante.Seiantid
				Seitithe.Seitithi.Seitithe.Seitithid
				Semne.Semni.Semne.Semnid
				Sentinate.Sentinei.Sentinate.Sentinatid
				Sepu.Sepia.Sepu.Sepid
				Sethre.Sethra.Sethre.Sethrid
				Silgatana.Silgatanei.Silgatana.Silgatanian
				Sinu.Sinui.Sinu.Sinid
				Siprisni.Siprisni.Siprisni.Siprisnian
				Slanzu.Slanzui.Slanzu.Slanzid
				Spantu.Spantui.Spantu.Spantid
				Spite.Spiti.Spite.Spitid
				Spurinas.Spurina.Spurinas.Spurinian
				Srutzna.Srutznei.Srutzna.Srutznid
				Statlanes.Statlanis.Statlanes.Statlanian
				Supelnas.Supelnei.Supelnas.Supelnid
				Suthrina.Surthinei.Suthrina.Suthrinian
				Sveitus.Sveitui.Sveitus.Sveitid
				Svelthienas.Svelthienei.Svelthienas.Svelthinian
				Tarchunies.Tarchunia.Tarchunies.Tarchunian
				Tarcnas.Tarcnei.Tarcnas.Tarcnid
				Tarna.Tarnei.Tarna.Tarnid
				Teithurna.Teithurnei.Teithurna.Teithurnid
				Teitur.Teituri.Teitur.Teiturid
				Telathur.Telathuri.Telathur.Telathurid
				Telicles.Telicles.Telicles.Teliclid
				Tetnies.Tetnia.Tetnies.Tetnid
				Thactra.Thactrei.Thactra.Thactrian
				Thansina.Thansi.Thansina.Thansinian
				Thefri.Thefri.Thefri.Thefrid
				Thucerna.Thucernei.Thucerna.Thucernid
				Thusatur.Thusaturi.Thusatur.Thusaturnian
				Tiphile.Tiphili.Tiphile.Tiphilid
				Titie.Titia.Titie.Titid
				Tlesna.Tlesna.Tlesna.Tlesnian
				Tularia.Tulariei.Tularia.Tularian
				Tulumnes.Tulumnis.Tulumnes.Tulumnian
				Turmna.Turmnei.Turmna.Turmnid
				Thursethna.Thursethnei.Thursethna.Thursethnid
				Trepe.Trepi.Trepe.Trepian
				Tutna.Tutnei.Tutna.Tutnid
				Tutes.Tutis.Tutes.Tutid
				Ucrine.Ucrini.Ucrine.Ucrinian
				Uftave.Uftavi.Uftave.Uftavian
				Ulthes.Ulthis.Ulthes.Ulthian
				Ultimne.Ultimni.Ultimne.Ultimnid
				Ulzna.Ulznei.Ulzna.Ulznid
				Ursmna.Ursmnei.Ursmna.Ursmnid
				Uslna.Ulsnei.Uslna.Uslnid
				Vania.Vaniei.Vania.Vanid
				Varati.Varati.Varati.Varatian
				Velara.Velaruna.Velara.Velarian
				Velcheina.Velcheinei.Velcheina.Velchenian
				Velchas.Velchei.Velchas.Velchid
				Velcii.Velcei.Velcii.Velcian
				Vlesi.Vlesi.Vlesi.Vlesian
				Velie.Velia.Velie.Velian
				Velna.Velnei.Velna.Velnid
				Velethna.Velethnei.Velethna.Velethnid
				Velimnas.Velimnei.Velimnas.Velimnid
				Velthina.Velthinei.Velthina.Velthinid
				Velthinathur.Velthinathuri.Velthinathur.Velthinathurian
				Velthurna.Velthurnei.Velthurna.Velthurian
				Venala.Venalei.Venala.Venalian
				Venete.Veneti.Venete.Venetian
				Verate.Verati.Verate.Veratian
				Vestarenies.Vestarenia.Vestarenies.Vestarenian
				Vestirci.Vestircina.Vestirci.Vestircian
				Vete.Vetui.Vete.Vetian
				Vilasnas.Vilasnei.Vilasnas.Vilasnian
				Visnas.Visnei.Visnas.Visnasian
				Vipena.Vipenei.Vipena.Vipenian
				Vipinans.Vipinanei.Vipinans.Vipinansian
				Vipithur.Vipithuri.Vipithur.Vipithurid
				Zalthu.Zalthui.Zalthu.Zalthid
				Zane.Zani.Zane.Zanid
				Zertnei.Zertneie.Zertnei.Zertneian
				Zili.Zilina.Zili.Zilinid
			}
			nickname = {
				NICKNAME_ACILU
				NICKNAME_ACRATE
				NICKNAME_APURTHE
				NICKNAME_CAMPANE
				NICKNAME_CEICE
				NICKNAME_CENCU
				NICKNAME_CREICE
				NICKNAME_CESU
				NICKNAME_CRESPE
				NICKNAME_CURCES
				NICKNAME_CUTHNA
				NICKNAME_HERMA
				NICKNAME_LATINI
				NICKNAME_NUFRE
				NICKNAME_NUSTE
				NICKNAME_PALPE
				NICKNAME_PAPA
				NICKNAME_PREZU
				NICKNAME_PURCE
				NICKNAME_SENATE
				NICKNAME_SEPU
				NICKNAME_SINU
				NICKNAME_TREPUNI
				NICKNAME_TREPU
				NICKNAME_TUMU
				NICKNAME_TURSIKINA
				NICKNAME_VENALA
				NICKNAME_VENTESE
				NICKNAME_VERU
				NICKNAME_ZALLE
				NICKNAME_PALPENIA # female from here
				NICKNAME_PAPANIA
				NICKNAME_PREZUNIA
				NICKNAME_PURCENIA
				NICKNAME_SENATINA
				NICKNAME_SEPUNIA
				NICKNAME_SINUNIA
				NICKNAME_TREPUNIA
				NICKNAME_TREPIA
				NICKNAME_TUMUNIA
				NICKNAME_TURSIKINIA
				NICKNAME_VENALANIA
				NICKNAME_VERUNA
				NICKNAME_VENTESA
				NICKNAME_ZALLENIA
			}
		}
		rhaetian = {
			levy_template = levy_rhaetian
			male_names = {
				Amtnie Amuni Anche Anthai Aninas Arunth Araz Arzni Arnth Autu Aule Cei Ceile Ceisi
				Cire Cnaive Clate Cruthni Cuinte Cursni Fapi Felce Felsnas Fulu Hapre Hirumina Husi
				Carcuna Carthasie Ceisie Cavie Larce Laris Larth Larthuza Laucie Lauche Lethei
				Licine Lucer Mamurce Marce Murila Numna Pesna Petru Plikasnas Plute Presnte
				Pumpu Puplie Cupe Ranazu Rasce Ruvfe Ruifre Sanchuna Scarpe Sethre Spitus Spurie Squrie
				Tarchi Teitur Thefri Thucer Ticusna Tite Tlesna Tursikina Tusnute Uchsie Uchulni Usele
				Vel Velchaie Velthur Venel Vetus Vipie
			}
			female_names = {
				Anina Aprthni Apunei Arunthia Arzna Arntha Ati Aula Ceia Culni Cursi Cusua Fasthi
				Hasthi Hercnei Kanuta Larthi Lethi Luci Matun Metli Numni Pulia Racu Ramtha Ranthu
				Ravnthu Satlnei Sela Semni Sethri Squria Squlina Tanchuil Tarcha Teituri Thanchvil
				Thana Thefrina Thestia Thuceru Ticusnei Titi Veli Velchina Venela Vesi Vipi
			}
			family = { #Here
				Uclina.Uclinei.Uclinii.Ucli
				Acnatru.Acnatrui.Acnatrui.Acnatr
				Acriena.Acrienei.Acriena.Acrinian
				Acvilnas.Acvilnei.Acvilnas.Acvilnian
				Afunas.Afunei.Afunas.Afunian
				Aisina.Aisinei.Aisina.Aisinian
				Alethnas.Alethnei.Alethnas.Alethnasian
				Alfi.Alfi.Alfi.Alfian
				Alfni.Alfni.Alfni.Alfnian
				Alsinas.Alsinei.Alsinas.Alsinasian
				Alvethna.Alvethnei.Alvethna.Alvethnian
				Amuni.Amuni.Amuni.Amunian
				Anani.Aninei.Anani.Ananian
				Aneithur.Aneithuri.Aneithur.Aneithurian
				Anes.Anis.Anes.Anesian
				Aninas.Aninei.Aninas.Aninasian
				Anthiaia.Anthiaei.Anthiaia.Anthiaian
				Apatru.Apatrui.Apatru.Apatrian
				Apianas.Apianei.Apianas.Apianian
				Apries.Apria.Apries.Apriesian
				Aprthnas.Aprthnei.Aprthnas.Aprthnasian
				Apunas.Apunei.Apunas.Apunian
				Apvcuia.Apvcuia.Apvcuia.Apvcuian
				Araziia.Arazei.Araziia.Arazian
				Arnthna.Arnthi.Arnthna.Arnthnian
				Aremsnas.Aremsnei.Aremsnas.Aremsnasian
				Arnies.Arnia.Arnies.Arniesian
				Arthunas.Arth.Arthunas.Arthunian
				Arunzina.Arunzinei.Arunzina.Arunzian
				Arznas.Arznei.Arznas.Arnznasian
				Ateina.Ateinei.Ateina.Ateinian
				Atelinas.Atelinei.Atelinas.Atelinian
				Aties.Atia.Aties.Atian
				Atnas.Atnei.Atnas.Atnasian
				Ufle.Ufli.Ufle.Uflian
				Aucana.Aucanei.Aucana.Aucanian
				Auclina.Auclinei.Auclina.Auclinian
				Aves.Avenei.Aves.Avesian
				Aznie.Aznia.Aznie.Aznesian
				Cafates.Cafati.Cafates.Cafatian
				Cahate.Cahati.Cahate.Cahatian
				Ceie.Ceinei.Ceie.Ceian
				Cale.Cali.Cale.Calian
				Caliathe.Calitahi.Caliathe.Caliathian
				Calisna.Calisnei.Calisna.Calisnan
				Camitlnas.Camitlnei.Camitlnas.Camitlan
				Camnas.Camnai.Camnas.Camnasian
				Campanes.Campanis.Campanes.Campanian
				Canatnes.Canatnei.Canatnes.Canatnian
				Carpnate.Carpnati.Carpnate.Carpnatian
				Carsu.Carsui.Carsu.Carsunian
				Catne.Catni.Catne.Catnian
				Cazi.Cazi.Cazi.Cazian
				Ceisinies.Ceisinia.Ceisinies.Ceisinian
				Celatina.Celatinei.Celatina.Celatinian
				Cheiras.Cheirei.Cheiras.Cheirian
				Churcles.Churcles.Churcles.Churclian
				Churinas.Churinei.Churinas.Churinian
				Cicunias.Cicuniei.Cicunias.Cicunian
				Cilnii.Cilnei.Cilnii.Cilnian
				Cisvite.Cisviti.Cisvite.Cisvitian
				Clute.Clutei.Clute.Clutian
				Clavtiethur.Clavtiethuri.Clavtiethur.Clavtiethurian
				Clevsinas.Clevsinei.Clevsinas.Clevsinian
				Cneuna.Cneunei.Cneuna.Cneunian
				Cravzathura.Cravzathurei.Cravzathura.Cravzathurian
				Creicese.Creicesa.Creicese.Creicesian
				Crepus.Crepui.Crepus.Crepian
				Cuclni.Cuclni.Cuclni.Cuclinian
				Cucrinathur.Cucrinathuri.Cucrinathur.Cucrinathurian
				Curunas.Curunei.Curunas.Curunian
				Cusinas.Cusinei.Cusinas.Cusinian
				Cusuthur.Cusuthuri.Cusuthur.Cusuthurian
				Cvinte.Cvinti.Cvinte.Cvintian
				Cuthnas.Cuthnei.Cuthnas.Cuthnian
				Cutu.Cutu.Cutu.Cute
				Ecnate.Ecnati.Ecnate.Ecnatian
				Einana.Einanei.Einana.Einanian
				Eucle.Eucli.Eucle.Euclian
				Ezpus.Ezpui.Ezpus.Ezpusian
				Fapi.Fapi.Fapi.Fapian
				Felces.Felcis.Felces.Felcian
				Felsnas.Felsnei.Felsnas.Felsnasian
				Felsni.Felsni.Felsni.Felsnian
				Felusce.Felusci.Felusce.Feluscian
				Fisis.Fisis.Fisis.Fisisian
				Fulni.Fulni.Fulni.Fulnian
				Fulu.Fului.Fulu.Fulian
				Fulvena.Fulvenas.Fulvena.Fulvenian
				Hanu.Hanunia.Hanu.Hanian
				Hapisna.Hapisnei.Hapisna.Hapisnian
				Hapre.Hapri.Hapre.Haprian
				Hepni.Hepni.Hepni.Hepnian
				Havrnas.Havrnei.Havrnas.Havrinian
				Hele.Heli.Hele.Helian
				Hercnas.Hercnei.Hercnas.Hercnasian
				Herma.Hermei.Herma.Hermian
				Hermenas.Hermenei.Hermenas.Hermenian
				Hirsuneie.Hirsuneia.Hirsuneie.Hirsnusian
				Hulchnie.Hulchnia.Hulchnie.Hulchnian
				Hupni.Hupni.Hupni.Hupnid
				Ceicna.Ceicnei.Ceicna.Ceicnian
				Cansinei.Cansineie.Cansinei.Cansinian
				Culeniie.Culeniia.Culeniie.Culenian
				Curtinas.Curtinei.Curtinas.Curtinian
				Lapicane.Lapicani.Lapicane.Lapicanian
				Larani.Larani.Larani.Laranian
				Larecena.Larecenei.Larecena.Larecinian
				Larna.Larnei.Larna.Larnian
				Lucina.Lucinei.Lucina.Lucinian
				Larecena.Larecenei.Larecena.Larecinian
				Lartle.Lartli.Lartle.Lartlian
				Latherna.Lathernei.Latherna.Lathernian
				Latni.Latni.Latni.Latnian
				Leinies.Leinia.Leinies.Leinisian
				Lethe.Lethi.Lethe.Lethian
				Luisna.Luisnei.Luisna.Luisnian
				Macre.Macri.Macre.Macrian
				Malamena.Malamenas.Malamena.Malamenian
				Marcna.Marcnei.Marcna.Marcnid
				Marcnithur.Marcnithuri.Marcnithur.Marcnithurian
				Matulna.Matulnei.Matulna.Matulnid
				Mutunas.Matunei.Mutunas.Mutunid
				Meclas.Meclei.Meclas.Meclid
				Mefanates.Mefanatis.Mefanates.Mefanatian
				Melacina.Melacinei.Melacina.Malacinian
				Meluta.Melutei.Meluta.Melutid
				Metle.Metli.Metle.Metlid
				Minie.Minia.Minie.Minian
				Murias.Murei.Murias.Murian
				Murinas.Murinei.Murinas.Murinid
				Nerinei.Nerineie.Nerinei.Nereinian
				Ninie.Ninia.Ninie.Ninian
				Nuiclnas.Nuiclnei.Nuiclnas.Nuiclian
				Numclanie.Numclania.Numclanie.Numclanid
				Numnas.Numnei.Numnas.Numnid
				Nuni.Nuni.Nuni.Nunian
				Nufre.Nufri.Nufre.Nufrian
				Pachie.Pachia.Pachie.Pachid
				Peithunas.Peithunei.Peithunas.Peithunid
				Palazus.Palazui.Palazus.Palazusian
				Paprsina.Paprsinei.Paprsina.Paprsinid
				Papathnas.Papathnei.Papathnas.Papathnid
				Papni.Papni.Papni.Papnid
				Parmne.Parmni.Parmne.Paramnian
				Partunus.Partunui.Partunus.Partunid
				Paziathe.Paziathi.Paziathe.Paziathid
				Percumsna.Percumsnei.Percumsna.Percumid
				Petrnii.Petrnei.Petrnii.Petrnid
				Phersnalas.Phersnalei.Phersnalas.Phersnalid
				Phursethna.Phursethnei.Phursethna.Phursethid
				Pinies.Pinia.Pinies.Pinian
				Pithe.Pithi.Pithe.Pithid
				Platia.Platiei.Platia.Platian
				Plute.Pluti.Plute.Plutian
				Plecus.Plecui.Plecus.Plecid
				Plinia.Pliniei.Plinia.Plinian
				Prastna.Prastnei.Prastna.Prastnid
				Precuthur.Precuthuri.Precuthur.Precuthurian
				Presnte.Presnti.Presnte.Presntid
				Puince.Puinci.Puince.Puincian
				Pulenas.Pulenei.Pulenas.Pulenian
				Pumpli.Pumpli.Pumpli.Pumplid
				Pumpna.Pumpnei.Pumpna.Pumpnid
				Pumpus.Pumpui.Pumpus.Pumpid
				Pupena.Pupena.Pupena.Pupenian
				Puplina.Puplinei.Puplina.Puplinian
				Purni.Purni.Purni.Purnid
				Purzena.Purzenei.Purzena.Purzenian
				Puslina.Puslinei.Puslina.Puslenian
				Pustmina.Pustminei.Pustmina.Pustminian
				Rufi.Rufi.Rufi.Rufid
				Ramnuna.Ramnunei.Ramnuna.Ramnunian
				Ranazu.Ranazuia.Ranazu.Ranazunian
				Rasunies.Rasunia.Rasunies.Rasunian
				Remzna.Remznei.Remzna.Remznid
				Riertu.Riertui.Riertu.Riertunian
				Rufres.Rufris.Rufres.Rufrid
				Rusci.Rusci.Rusci.Ruscid
				Santu.Santui.Santu.Santid
				Safice.Safici.Safice.Saficinian
				Salini.Salini.Salini.Salinian
				Saties.Satia.Saties.Satinian
				Satlna.Satlnei.Satlna.Satlnid
				Savpunias.Savpuniei.Savpunias.Savpunid
				Scevas.Scevei.Scevas.Scevid
				Scurfiu.Scurfiui.Scurfiu.Scurfid
				Sefre.Sefri.Sefre.Sefrid
				Seiante.Seianti.Seiante.Seiantid
				Seitithe.Seitithi.Seitithe.Seitithid
				Semne.Semni.Semne.Semnid
				Sentinate.Sentinei.Sentinate.Sentinatid
				Sepu.Sepia.Sepu.Sepid
				Sethre.Sethra.Sethre.Sethrid
				Silgatana.Silgatanei.Silgatana.Silgatanian
				Sinu.Sinui.Sinu.Sinid
				Siprisni.Siprisni.Siprisni.Siprisnian
				Slanzu.Slanzui.Slanzu.Slanzid
				Spantu.Spantui.Spantu.Spantid
				Spite.Spiti.Spite.Spitid
				Spurinas.Spurina.Spurinas.Spurinian
				Srutzna.Srutznei.Srutzna.Srutznid
				Statlanes.Statlanis.Statlanes.Statlanian
				Supelnas.Supelnei.Supelnas.Supelnid
				Suthrina.Surthinei.Suthrina.Suthrinian
				Sveitus.Sveitui.Sveitus.Sveitid
				Svelthienas.Svelthienei.Svelthienas.Svelthinian
				Tarchunies.Tarchunia.Tarchunies.Tarchunian
				Tarcnas.Tarcnei.Tarcnas.Tarcnid
				Tarna.Tarnei.Tarna.Tarnid
				Teithurna.Teithurnei.Teithurna.Teithurnid
				Teitur.Teituri.Teitur.Teiturid
				Telathur.Telathuri.Telathur.Telathurid
				Telicles.Telicles.Telicles.Teliclid
				Tetnies.Tetnia.Tetnies.Tetnid
				Thactra.Thactrei.Thactra.Thactrian
				Thansina.Thansi.Thansina.Thansinian
				Thefri.Thefri.Thefri.Thefrid
				Thucerna.Thucernei.Thucerna.Thucernid
				Thusatur.Thusaturi.Thusatur.Thusaturnian
				Tiphile.Tiphili.Tiphile.Tiphilid
				Titie.Titia.Titie.Titid
				Tlesna.Tlesna.Tlesna.Tlesnian
				Tularia.Tulariei.Tularia.Tularian
				Tulumnes.Tulumnis.Tulumnes.Tulumnian
				Turmna.Turmnei.Turmna.Turmnid
				Thursethna.Thursethnei.Thursethna.Thursethnid
				Trepe.Trepi.Trepe.Trepian
				Tutna.Tutnei.Tutna.Tutnid
				Tutes.Tutis.Tutes.Tutid
				Ucrine.Ucrini.Ucrine.Ucrinian
				Uftave.Uftavi.Uftave.Uftavian
				Ulthes.Ulthis.Ulthes.Ulthian
				Ultimne.Ultimni.Ultimne.Ultimnid
				Ulzna.Ulznei.Ulzna.Ulznid
				Ursmna.Ursmnei.Ursmna.Ursmnid
				Uslna.Ulsnei.Uslna.Uslnid
				Vania.Vaniei.Vania.Vanid
				Varati.Varati.Varati.Varatian
				Velara.Velaruna.Velara.Velarian
				Velcheina.Velcheinei.Velcheina.Velchenian
				Velchas.Velchei.Velchas.Velchid
				Velcii.Velcei.Velcii.Velcian
				Vlesi.Vlesi.Vlesi.Vlesian
				Velie.Velia.Velie.Velian
				Velna.Velnei.Velna.Velnid
				Velethna.Velethnei.Velethna.Velethnid
				Velimnas.Velimnei.Velimnas.Velimnid
				Velthina.Velthinei.Velthina.Velthinid
				Velthinathur.Velthinathuri.Velthinathur.Velthinathurian
				Velthurna.Velthurnei.Velthurna.Velthurian
				Venala.Venalei.Venala.Venalian
				Venete.Veneti.Venete.Venetian
				Verate.Verati.Verate.Veratian
				Vestarenies.Vestarenia.Vestarenies.Vestarenian
				Vestirci.Vestircina.Vestirci.Vestircian
				Vete.Vetui.Vete.Vetian
				Vilasnas.Vilasnei.Vilasnas.Vilasnian
				Visnas.Visnei.Visnas.Visnasian
				Vipena.Vipenei.Vipena.Vipenian
				Vipinans.Vipinanei.Vipinans.Vipinansian
				Vipithur.Vipithuri.Vipithur.Vipithurid
				Zalthu.Zalthui.Zalthu.Zalthid
				Zane.Zani.Zane.Zanid
				Zertnei.Zertneie.Zertnei.Zertneian
				Zili.Zilina.Zili.Zilinid
			}
			nickname = {
				NICKNAME_ACILU
				NICKNAME_ACRATE
				NICKNAME_APURTHE
				NICKNAME_CAMPANE
				NICKNAME_CEICE
				NICKNAME_CENCU
				NICKNAME_CREICE
				NICKNAME_CESU
				NICKNAME_CRESPE
				NICKNAME_CURCES
				NICKNAME_CUTHNA
				NICKNAME_HERMA
				NICKNAME_LATINI
				NICKNAME_NUFRE
				NICKNAME_NUSTE
				NICKNAME_PALPE
				NICKNAME_PAPA
				NICKNAME_PREZU
				NICKNAME_PURCE
				NICKNAME_SENATE
				NICKNAME_SEPU
				NICKNAME_SINU
				NICKNAME_TREPUNI
				NICKNAME_TREPU
				NICKNAME_TUMU
				NICKNAME_TURSIKINA
				NICKNAME_VENALA
				NICKNAME_VENTESE
				NICKNAME_VERU
				NICKNAME_ZALLE
				NICKNAME_PALPENIA #female from here
				NICKNAME_PAPANIA
				NICKNAME_PREZUNIA
				NICKNAME_PURCENIA
				NICKNAME_SENATINA
				NICKNAME_SEPUNIA
				NICKNAME_SINUNIA
				NICKNAME_TREPUNIA
				NICKNAME_TREPIA
				NICKNAME_TUMUNIA
				NICKNAME_TURSIKINIA
				NICKNAME_VENALANIA
				NICKNAME_VERUNA
				NICKNAME_VENTESA
				NICKNAME_ZALLENIA
			}
		}
		umbrian = {}
		samnite = { levy_template = levy_samnite }
		siculian = {}
		bruttian = {}
		lucanian = {}
		north_picena = {}
		south_picena = {}
		histrian = {}
		elymian = {}
		sicanian = {}
	}
	
	barbarian_names = { BRUTTII CAMUNNI CARACENI CENOMANI EUGANEI FRINIATES LIBURNI LIGURES LEPONTII LUCANI MAMERTINI PATAVINI PENTRI }
	
	graphical_culture = roman_gfx

	ethnicities = {
		10 = roman
	}

}